{
  "fine": 
 {
   "micro_auprc": 0.7603632271909997, 
  "micro_f1": 0.6877054569362262, 
  "macro_auprc": 0.6469158605781143, 
  "class_auprc": {"engine": 0.7031502355091321, "machinery-impact": 0.4763535041483951, "non-machinery-impact": 0.5955006799029167, "powered-saw": 0.42805097936074554, "alert-signal": 0.8655080748143325, "music": 0.4573929760934399, "human-voice": 0.9079961657901052, "dog": 0.741374269005848}
 }, 
 "coarse": 
 {
   "micro_auprc": 0.8775414070130706, 
  "micro_f1": 0.7587719298245614, 
  "macro_auprc": 0.7818498285649955, 
  "class_auprc": {"engine": 0.8606030563430604, "machinery-impact": 0.6852610207356102, "non-machinery-impact": 0.5955006799029167, "powered-saw": 0.734415199173693, "alert-signal": 0.9322181224253232, "music": 0.7277531415282752, "human-voice": 0.9776731394052376, "dog": 0.741374269005848}
 }
}
