{"fine": {"micro_auprc": 0.7630095432202353, "micro_f1": 0.674880219028063, "macro_auprc": 0.619083815991845, "class_auprc": {"engine": 0.7183412079485754, "machinery-impact": 0.47411662475898203, "non-machinery-impact": 0.5835171920078611, "powered-saw": 0.40671541022825947, "alert-signal": 0.8621574014386246, "music": 0.39343896952287727, "human-voice": 0.9076261880981332, "dog": 0.6067575339314469}}, "coarse": {"micro_auprc": 0.8672837529451997, "micro_f1": 0.7414561664190192, "macro_auprc": 0.7447867371303756, "class_auprc": {"engine": 0.8586234669179691, "machinery-impact": 0.6544865613018539, "non-machinery-impact": 0.5835171920078611, "powered-saw": 0.7456754139437565, "alert-signal": 0.9195122982627754, "music": 0.6181657644626831, "human-voice": 0.9715556662146587, "dog": 0.6067575339314469}}}