{"fine": {"micro_auprc": 0.7421734013035783, "micro_f1": 0.6461758398856327, "macro_auprc": 0.5549347470855447, "class_auprc": {"engine": 0.6817173652106913, "machinery-impact": 0.4872293566917203, "non-machinery-impact": 0.5405064705003954, "powered-saw": 0.40730153870759145, "alert-signal": 0.8492426225120224, "music": 0.3574665451017666, "human-voice": 0.9011427474151747, "dog": 0.21487133054499571}}, "coarse": {"micro_auprc": 0.8548800410641665, "micro_f1": 0.7086247086247085, "macro_auprc": 0.6705078433483156, "class_auprc": {"engine": 0.8473779957828877, "machinery-impact": 0.6702469373379003, "non-machinery-impact": 0.5405064705003954, "powered-saw": 0.6910484582052017, "alert-signal": 0.9116794486284027, "music": 0.5183403482016272, "human-voice": 0.9699917575851145, "dog": 0.21487133054499571}}}