{"fine": {"micro_auprc": 0.7451003440104256, "micro_f1": 0.659589525831564, "macro_auprc": 0.6101668668686728, "class_auprc": {"engine": 0.6819742034953465, "machinery-impact": 0.4865715692324173, "non-machinery-impact": 0.580946347245886, "powered-saw": 0.43076090084612567, "alert-signal": 0.855618767159564, "music": 0.3958690277059469, "human-voice": 0.9059666682837044, "dog": 0.5436274509803921}}, "coarse": {"micro_auprc": 0.8534576018543691, "micro_f1": 0.7217125382262997, "macro_auprc": 0.7282129638384272, "class_auprc": {"engine": 0.8422714431276959, "machinery-impact": 0.6499917631962512, "non-machinery-impact": 0.580946347245886, "powered-saw": 0.7187369755434586, "alert-signal": 0.9280406492017579, "music": 0.5883234420791774, "human-voice": 0.9737656393327987, "dog": 0.5436274509803921}}}