{"fine": {"micro_auprc": 0.7471526145143277, "micro_f1": 0.6844059405940593, "macro_auprc": 0.6339142759620913, "class_auprc": {"engine": 0.685717301508097, "machinery-impact": 0.5067154988679554, "non-machinery-impact": 0.5506822820711252, "powered-saw": 0.585197709789542, "alert-signal": 0.824703546119904, "music": 0.4006956660101327, "human-voice": 0.9093967939732487, "dog": 0.6082054093567251}}, "coarse": {"micro_auprc": 0.8563514592272115, "micro_f1": 0.760989010989011, "macro_auprc": 0.748755692281156, "class_auprc": {"engine": 0.8447904241153776, "machinery-impact": 0.6393944793646895, "non-machinery-impact": 0.5506822820711252, "powered-saw": 0.7682945237044931, "alert-signal": 0.9277006785872647, "music": 0.678825334092729, "human-voice": 0.9721524069568445, "dog": 0.6082054093567251}}}