{"fine": {"micro_auprc": 0.7569196996576036, "micro_f1": 0.670859538784067, "macro_auprc": 0.6276878918498018, "class_auprc": {"engine": 0.6602526506309481, "machinery-impact": 0.5167415272637935, "non-machinery-impact": 0.5997604000641873, "powered-saw": 0.46853452438729076, "alert-signal": 0.8894772665373931, "music": 0.43988758139316747, "human-voice": 0.9162752898173038, "dog": 0.5305738947043295}}, "coarse": {"micro_auprc": 0.8749455778692832, "micro_f1": 0.7338461538461538, "macro_auprc": 0.7600039083314263, "class_auprc": {"engine": 0.8512507543561383, "machinery-impact": 0.6841509080008521, "non-machinery-impact": 0.5997604000641873, "powered-saw": 0.7959350278314156, "alert-signal": 0.9451875239811289, "music": 0.6971739476639116, "human-voice": 0.9759988100494471, "dog": 0.5305738947043295}}}