{"fine": {"micro_auprc": 0.6958728259089759, "micro_f1": 0.6140963014654571, "macro_auprc": 0.49922228666423574, "class_auprc": {"engine": 0.5913551388259992, "machinery-impact": 0.39965395822374206, "non-machinery-impact": 0.4265365965309516, "powered-saw": 0.32066650199155533, "alert-signal": 0.8257516046641411, "music": 0.2509784568088957, "human-voice": 0.8893174998750648, "dog": 0.28951853639353636}}, "coarse": {"micro_auprc": 0.8213078273944371, "micro_f1": 0.7014809041309431, "macro_auprc": 0.6302447938143896, "class_auprc": {"engine": 0.8254509566910637, "machinery-impact": 0.5454218104558156, "non-machinery-impact": 0.4265365965309516, "powered-saw": 0.6789013679496799, "alert-signal": 0.8812889179394697, "music": 0.43849317082484, "human-voice": 0.9563469937297602, "dog": 0.28951853639353636}}}