{"fine": {"micro_auprc": 0.7427861392490396, "micro_f1": 0.6580907244414352, "macro_auprc": 0.5979882647855537, "class_auprc": {"engine": 0.6915201784876278, "machinery-impact": 0.5000381021136951, "non-machinery-impact": 0.5865999076604974, "powered-saw": 0.5283822241899614, "alert-signal": 0.844895101098389, "music": 0.3613941403392247, "human-voice": 0.9063009387060816, "dog": 0.36477552568895194}}, "coarse": {"micro_auprc": 0.8527542981852699, "micro_f1": 0.7267311988086375, "macro_auprc": 0.7173694421183201, "class_auprc": {"engine": 0.8534100896235741, "machinery-impact": 0.6617057245589494, "non-machinery-impact": 0.5865999076604974, "powered-saw": 0.7397953043148804, "alert-signal": 0.9167658461564221, "music": 0.6438842810368752, "human-voice": 0.9720188579064105, "dog": 0.36477552568895194}}}