epoch,loss,val_loss
0,82.12260543426441,27.000747680664062
1,57.465650657671844,39.79410934448242
2,53.9831309961089,26.770936965942383
3,51.34432480408508,31.760461807250977
4,49.13464867025966,33.509273529052734
5,46.99165134114295,33.92519760131836
6,44.91450214836896,26.926164627075195
7,42.88600592692129,46.19570541381836
